{
  "softmax": {
    "mean": 44.92333333333333,
    "std": 0.5437217425607831,
    "n": 3,
    "accs": [
      45.17,
      44.3,
      45.3
    ]
  },
  "performer": {
    "mean": 35.53,
    "std": 0.457055795281056,
    "n": 3,
    "accs": [
      35.48,
      35.1,
      36.01
    ]
  },
  "gaussian_rff": {
    "mean": 44.07666666666667,
    "std": 0.22188585654190024,
    "n": 3,
    "accs": [
      44.28,
      43.84,
      44.11
    ]
  },
  "sign_rff": {
    "mean": 44.016666666666666,
    "std": 0.8329065573840398,
    "n": 3,
    "accs": [
      44.97,
      43.43,
      43.65
    ]
  },
  "quantum_L2": {
    "mean": 44.123333333333335,
    "std": 0.9738754198219266,
    "n": 3,
    "accs": [
      45.24,
      43.68,
      43.45
    ]
  },
  "quantum_L3": {
    "mean": 43.74,
    "std": 0.40037482438335414,
    "n": 3,
    "accs": [
      44.13,
      43.76,
      43.33
    ]
  },
  "quantum_L4": {
    "mean": 44.49333333333333,
    "std": 0.7572538103788778,
    "n": 3,
    "accs": [
      45.16,
      43.67,
      44.65
    ]
  }
}