{
  "d": 4,
  "n": 12,
  "bandwidth": 0.7,
  "pennylane_version": "0.45.0",
  "angle_kernel_max_abs_diff": 1.7763568394002505e-15,
  "iqp": {
    "0.0": 1.9984014443252818e-15,
    "0.5": 2.4424906541753444e-15,
    "1.0": 2.6645352591003757e-15
  },
  "verdict": "MATCH"
}