{
  "softmax": {
    "mean": 85.94150417827298,
    "std": 0.5928306969057051,
    "n": 5,
    "accs": [
      85.79387186629526,
      86.82451253481894,
      85.59888579387187,
      85.29247910863509,
      86.19777158774373
    ]
  },
  "gaussian_rff": {
    "mean": 84.56824512534818,
    "std": 1.0035106477567792,
    "n": 5,
    "accs": [
      84.49860724233983,
      83.81615598885794,
      83.3983286908078,
      85.33426183844011,
      85.79387186629526
    ]
  },
  "sign_rff": {
    "mean": 84.43175487465182,
    "std": 0.9940621812113595,
    "n": 5,
    "accs": [
      84.79108635097494,
      84.09470752089136,
      82.86908077994428,
      85.0,
      85.40389972144847
    ]
  },
  "quantum_L4": {
    "mean": 85.12534818941505,
    "std": 0.6590996623385172,
    "n": 5,
    "accs": [
      84.55431754874652,
      84.66573816155989,
      85.59888579387187,
      86.04456824512535,
      84.76323119777159
    ]
  },
  "iqp_c0.3": {
    "mean": 84.86350974930362,
    "std": 0.6110223257166548,
    "n": 5,
    "accs": [
      84.4150417827298,
      85.45961002785515,
      84.24791086350974,
      84.62395543175488,
      85.57103064066852
    ]
  }
}